{"cameraMode":{"drawMode":0,"name":"Shaded","section":"Shading Mode"},"sceneLighting":false,"audioPlay":false,"sceneViewState":{"showFog":true,"showMaterialUpdate":false,"showSkybox":true,"showFlares":true,"showImageEffects":true,"showParticleSystems":true},"in2DMode":false,"pivot":{"x":17.851173400878908,"y":1.0700000524520875,"z":19.40999984741211},"rotation":{"x":0.29278674721717837,"y":0.0902143344283104,"z":-0.027598919346928598,"w":0.9515122771263123},"size":4.438205718994141,"orthographic":true}