{"cameraMode":{"drawMode":0,"name":"Shaded","section":"Shading Mode"},"sceneLighting":true,"audioPlay":false,"sceneViewState":{"showFog":true,"showMaterialUpdate":false,"showSkybox":true,"showFlares":true,"showImageEffects":true,"showParticleSystems":true},"in2DMode":false,"pivot":{"x":97.06659698486328,"y":-4.967251300811768,"z":17.493139266967775},"rotation":{"x":0.12256381660699845,"y":-0.04345420002937317,"z":0.005526307970285416,"w":0.9914935231208801},"size":34.241573333740237,"orthographic":true}