{"cameraMode":{"drawMode":0,"name":"Shaded","section":"Shading Mode"},"sceneLighting":false,"audioPlay":false,"sceneViewState":{"showFog":true,"showMaterialUpdate":false,"showSkybox":true,"showFlares":true,"showImageEffects":true,"showParticleSystems":true},"in2DMode":false,"pivot":{"x":-11.210000038146973,"y":6.71999979019165,"z":-15.569999694824219},"rotation":{"x":0.3372059464454651,"y":0.027393203228712083,"z":-0.009770305827260018,"w":0.9409816265106201},"size":3.692692995071411,"orthographic":true}